,from,to
0,181,180
1,180,86
2,150,87
3,86,100
4,87,172
5,172,148
6,100,204
7,148,197
8,197,41
9,204,146
10,146,131
11,41,130
12,131,158
13,130,43
14,158,81
15,43,82
16,82,76
17,81,63
18,76,60
19,63,75
20,75,137
21,47,60
22,47,52
23,69,137
24,69,141
25,164,52
26,141,113
27,73,164
28,113,72
29,61,72
30,73,118
31,117,61
32,118,67
33,67,36
34,117,140
35,140,199
36,199,116
37,36,115
38,115,0
39,116,143
40,0,145
41,143,13
42,145,142
43,13,114
44,142,37
45,114,58
46,37,54
47,58,62
48,54,111
49,111,42
50,42,24
51,62,53
52,24,169
53,53,167
54,169,168
55,167,110
56,168,173
57,110,201
58,173,171
59,171,202
60,201,178
61,202,179
62,178,152
63,179,153
64,152,44
65,153,45
66,45,203
67,182,186
68,59,8
69,8,185
70,185,14
71,186,34
72,14,151
73,34,89
74,151,88
75,89,104
76,88,84
77,84,77
78,77,9
79,149,99
80,90,83
81,31,99
82,31,156
83,122,83
84,122,176
85,10,156
86,176,40
87,10,205
88,40,70
89,205,71
90,70,102
91,71,175
92,102,103
93,119,175
94,103,68
95,119,74
96,68,98
97,74,57
98,98,22
99,57,39
100,39,19
101,22,20
102,19,94
103,20,32
104,32,96
105,94,97
106,96,206
107,97,198
108,206,127
109,198,128
110,127,155
111,154,128
112,155,159
113,157,154
114,159,163
115,162,157
116,163,160
117,161,162
118,160,187
119,188,161
120,188,195
121,195,80
122,12,187
123,80,17
124,12,193
125,17,192
126,191,193
127,192,3
128,191,4
129,4,15
130,3,5
131,15,33
132,5,136
133,33,144
134,144,93
135,91,136
136,6,93
137,6,91
138,194,194
139,111,111
140,111,194
141,112,51
142,111,125
143,51,109
144,125,95
145,95,120
146,109,147
147,25,120
148,147,129
149,139,25
150,129,49
151,139,56
152,49,133
153,133,101
154,101,134
155,170,56
156,124,134
157,170,165
158,165,23
159,23,174
160,38,16
161,138,48
162,16,196
163,196,166
164,48,29
165,166,30
166,29,64
167,65,30
168,126,189
169,189,35
170,121,50
171,35,18
172,50,21
173,18,200
174,21,200
175,92,55
176,105,11
177,11,106
178,55,107
179,106,108
180,108,132
181,132,85
182,107,7
183,7,27
184,85,28
185,28,79
186,27,177
187,79,2
188,177,1
189,1,123
190,2,78
191,123,135
192,135,184
193,78,183
194,46,92
195,66,105
196,46,50
197,46,189
198,121,66
199,66,35
200,152,55
201,11,153
202,152,132
203,7,153
204,11,201
205,171,55
206,108,171
207,107,201
208,54,125
209,58,109
210,109,24
211,53,125
212,78,49
213,78,170
214,117,10
215,176,118
216,73,40
217,205,113
218,77,131
219,41,104
220,158,104
221,77,43
222,41,9
223,81,9
224,133,184
225,183,56
226,64,134
227,170,65
228,48,170
229,38,136
230,144,138
231,91,138
232,38,93
